Customer Id,Name,Gender,Age,Annual Income,Spending Amount,Last Visit,Profession,Items Purchased,Satisfaction Score
1,Rishi,Female,37,1305244,30598,01-01-2023,Writer,106,3
2,Tara,Others,28,3562418,91865,02-01-2023,Developer,56,1
3,Meera,Others,42,4201783,81348,03-01-2023,Pharmacist,124,2
4,Naina,Male,21,640651,121753,04-01-2023,Journalist,49,4
5,Shruti,Others,19,560558,109650,05-01-2023,Photographer,8,3
6,Tara,Female,29,852983,114097,06-01-2023,Musician,88,3
7,Kabir,Female,66,856396,22952,07-01-2023,Lawyer,93,5
8,Rishi,Female,50,658399,60324,08-01-2023,Doctor,143,3
9,Tara,Female,64,4857452,147236,09-01-2023,Consultant,100,2
10,Yash,Female,48,3520624,61847,10-01-2023,Photographer,126,3
11,Ishaan,Female,64,4043046,72227,11-01-2023,Designer,35,5
12,Ananya,Female,34,4096037,87585,12-01-2023,Journalist,132,3
13,Ananya,Female,61,1230198,95830,13-01-2023,Pilot,106,2
14,Dev,Female,29,401310,33281,14-01-2023,Banker,26,2
15,Diya,Female,58,4812198,23091,15-01-2023,Musician,129,5
16,Tara,Female,65,3776879,123085,16-01-2023,Engineer,101,3
17,Ananya,Female,20,1844015,82381,17-01-2023,Banker,35,4
18,Tara,Female,36,3577747,101803,18-01-2023,Actor,146,5
19,Tara,Female,59,551135,16763,19-01-2023,Actor,111,3
20,Dev,Female,54,3982204,88727,20-01-2023,Designer,135,1
21,Naina,Female,60,1399127,149764,21-01-2023,Chef,147,5
22,Zoya,Female,50,4278449,20724,22-01-2023,Writer,19,5
23,Rishi,Female,51,1714879,99404,23-01-2023,Entrepreneur,23,3
24,Zoya,Female,27,491632,149189,24-01-2023,Developer,86,3
25,Diya,Female,30,1316152,92622,25-01-2023,Accountant,25,3
26,Meera,Female,67,3564882,112552,26-01-2023,Banker,77,3
27,Varun,Female,53,3106291,32963,27-01-2023,Consultant,82,4
28,Ishaan,Others,53,517998,68572,28-01-2023,Nurse,19,4
29,Ananya,Others,48,4874015,41109,29-01-2023,Artist,94,1
30,Rishi,Male,50,2426246,123042,30-01-2023,Architect,123,4
31,Naina,Male,22,766053,130565,31-01-2023,Writer,118,2
32,Zoya,Others,34,2894825,7789,01-02-2023,Pilot,18,3
33,Tara,Others,62,4226838,69861,02-02-2023,Designer,28,4
34,Kabir,Male,36,528629,30326,03-02-2023,Designer,137,5
35,Yash,Others,69,1372814,141308,04-02-2023,Journalist,21,5
36,Rishi,Male,63,799416,87372,05-02-2023,Musician,61,5
37,Diya,Others,40,2597865,85468,06-02-2023,Chef,57,1
38,Ayaan,Others,60,4277278,61866,07-02-2023,Consultant,107,5
39,Ishaan,Others,39,4807489,107643,08-02-2023,Banker,144,3
40,Naina,Others,38,1289392,104349,09-02-2023,Musician,111,5
41,Naina,Female,22,4992555,131918,10-02-2023,Artist,129,2
42,Ishaan,Others,33,3600966,32958,11-02-2023,Journalist,84,1
43,Yash,Others,27,1023585,32877,12-02-2023,Actor,60,1
44,Dev,Others,29,4380443,138404,13-02-2023,Designer,85,3
45,Yash,Male,57,1025903,128839,14-02-2023,Photographer,36,3
46,Ayaan,Female,48,2322908,75789,15-02-2023,Musician,78,2
47,Kabir,Female,56,1572878,118686,16-02-2023,Teacher,10,1
48,Tara,Male,38,2474986,110820,17-02-2023,Nurse,43,4
49,Rishi,Others,44,2905534,13311,18-02-2023,Scientist,65,4
50,Ishaan,Female,18,1254813,144419,19-02-2023,Accountant,71,1
51,Tara,Male,58,3532650,76173,20-02-2023,Actor,52,4
52,Ayaan,Female,21,1541203,125569,21-02-2023,Scientist,68,5
53,Ayaan,Male,59,3075207,125718,22-02-2023,Lawyer,73,5
54,Samir,Others,19,993202,48192,23-02-2023,Writer,53,3
55,Naina,Others,24,2624786,77801,24-02-2023,Teacher,17,4
56,Meera,Others,42,593464,40391,25-02-2023,Lawyer,7,1
57,Samir,Male,27,4835625,43611,26-02-2023,Musician,109,3
58,Ayaan,Male,57,3952331,126680,27-02-2023,Actor,62,1
59,Shruti,Male,31,3134638,79273,28-02-2023,Teacher,142,5
60,Naina,Female,36,4959621,85724,01-03-2023,Scientist,39,4
61,Ayaan,Male,54,4084859,58224,02-03-2023,Nurse,57,4
62,Diya,Female,59,581154,129725,03-03-2023,Actor,78,4
63,Ishaan,Female,61,2943685,4439,04-03-2023,Entrepreneur,37,4
64,Meera,Male,38,3460489,127195,05-03-2023,Journalist,23,2
65,Ishaan,Female,50,4225869,39615,06-03-2023,Entrepreneur,69,4
66,Diya,Female,27,1815518,10357,07-03-2023,Scientist,59,1
67,Rishi,Female,49,2617684,30410,08-03-2023,Journalist,88,4
68,Ayaan,Others,30,2601719,112064,09-03-2023,Journalist,139,2
69,Yash,Male,42,2411447,40327,10-03-2023,Musician,89,5
70,Shruti,Others,58,761468,23048,11-03-2023,Journalist,147,5
71,Rishi,Others,36,3998318,81606,12-03-2023,Lawyer,41,1
72,Dev,Male,28,4868346,128619,13-03-2023,Actor,126,5
73,Ananya,Male,47,2745471,85400,14-03-2023,Banker,66,1
74,Zoya,Female,39,606905,52406,15-03-2023,Architect,124,5
75,Samir,Female,25,707334,132831,16-03-2023,Actor,127,4
76,Naina,Female,47,3692646,66855,17-03-2023,Accountant,90,1
77,Zoya,Male,27,4730932,76169,18-03-2023,Artist,120,1
78,Shruti,Female,31,3073935,120239,19-03-2023,Lawyer,66,5
79,Dev,Female,42,2416200,147594,20-03-2023,Teacher,77,4
80,Ayaan,Female,63,2816667,96888,21-03-2023,Architect,89,3
81,Naina,Others,58,1243241,120814,22-03-2023,Actor,10,3
82,Shruti,Male,40,2250819,50687,23-03-2023,Entrepreneur,128,3
83,Zoya,Male,27,3075150,84459,24-03-2023,Pilot,5,1
84,Meera,Female,39,1737351,68108,25-03-2023,Doctor,144,2
85,Shruti,Male,54,4482618,125711,26-03-2023,Architect,25,4
86,Shruti,Others,30,2233381,115460,27-03-2023,Designer,73,1
87,Samir,Female,49,2870115,67487,28-03-2023,Designer,89,4
88,Ishaan,Male,37,1651452,54818,29-03-2023,Designer,124,4
89,Diya,Male,54,4171755,64006,30-03-2023,Architect,134,4
90,Naina,Male,46,902655,87674,31-03-2023,Scientist,14,2
91,Meera,Female,35,1186133,132365,01-04-2023,Engineer,7,3
92,Ishaan,Female,43,3998708,112774,02-04-2023,Developer,111,1
93,Yash,Male,69,2704549,125853,03-04-2023,Lawyer,104,1
94,Kabir,Others,38,2918705,21374,04-04-2023,Teacher,98,3
95,Diya,Others,27,2385317,80274,05-04-2023,Pilot,82,5
96,Tara,Female,40,4085544,22159,06-04-2023,Photographer,110,1
97,Varun,Male,46,2379155,44431,07-04-2023,Musician,126,4
98,Zoya,Female,19,658600,101042,08-04-2023,Journalist,97,5
99,Diya,Others,38,3462540,33767,09-04-2023,Scientist,124,5
100,Zoya,Others,30,3950372,38410,10-04-2023,Banker,81,4
101,Kabir,Female,67,1154926,5771,11-04-2023,Consultant,34,4
102,Ishaan,Male,46,3784490,144931,12-04-2023,Developer,22,2
103,Yash,Female,32,2092650,124580,13-04-2023,Teacher,149,2
104,Kabir,Male,46,4564854,78816,14-04-2023,Architect,121,4
105,Rishi,Male,56,1990695,41629,15-04-2023,Pharmacist,60,2
106,Varun,Others,48,3606537,36014,16-04-2023,Pharmacist,99,2
107,Ayaan,Others,41,3750580,127492,17-04-2023,Actor,45,4
108,Diya,Male,65,4099297,90586,18-04-2023,Consultant,12,2
109,Ananya,Female,31,4332157,94876,19-04-2023,Entrepreneur,146,4
110,Dev,Female,57,3533673,78220,20-04-2023,Accountant,147,5
111,Dev,Others,47,2077571,92732,21-04-2023,Consultant,15,4
112,Naina,Female,38,3821686,74095,22-04-2023,Writer,89,5
113,Varun,Female,54,1182048,101414,23-04-2023,Designer,14,4
114,Ayaan,Male,63,4882377,138603,24-04-2023,Actor,79,5
115,Zoya,Others,35,4790512,84714,25-04-2023,Actor,114,4
116,Kabir,Others,27,1956220,22681,26-04-2023,Chef,51,4
117,Rishi,Others,26,4690974,91669,27-04-2023,Accountant,25,4
118,Ayaan,Male,42,2186140,97091,28-04-2023,Engineer,61,3
119,Shruti,Male,21,2636530,95316,29-04-2023,Entrepreneur,52,3
120,Ishaan,Female,19,4312592,105519,30-04-2023,Developer,10,5
121,Naina,Female,45,4058106,24421,01-05-2023,Writer,19,4
122,Shruti,Female,41,2507461,108939,02-05-2023,Engineer,80,3
123,Ishaan,Male,19,1626812,122700,03-05-2023,Teacher,11,2
124,Rishi,Others,68,4333467,143181,04-05-2023,Doctor,81,3
125,Ayaan,Others,63,1777382,22227,05-05-2023,Accountant,109,5
126,Rishi,Others,18,1236484,132734,06-05-2023,Writer,39,3
127,Ishaan,Male,27,4544263,20358,07-05-2023,Chef,51,3
128,Ayaan,Female,40,3498916,118480,08-05-2023,Engineer,41,4
129,Meera,Others,44,3150438,138133,09-05-2023,Doctor,117,5
130,Diya,Female,57,2344570,31258,10-05-2023,Artist,81,1
131,Yash,Others,26,1415367,56562,11-05-2023,Artist,123,2
132,Yash,Female,50,489154,116042,12-05-2023,Engineer,50,5
133,Rishi,Female,55,2900895,133686,13-05-2023,Pilot,20,2
134,Dev,Others,28,4988597,48079,14-05-2023,Entrepreneur,85,2
135,Varun,Others,25,3263540,30758,15-05-2023,Designer,62,3
136,Samir,Others,58,3388034,146457,16-05-2023,Accountant,56,3
137,Varun,Male,27,1677392,74446,17-05-2023,Designer,123,4
138,Diya,Others,36,4461503,107464,18-05-2023,Entrepreneur,55,3
139,Tara,Others,32,3552184,4340,19-05-2023,Journalist,31,3
140,Tara,Male,36,3282610,58093,20-05-2023,Consultant,111,5
141,Shruti,Others,28,3855624,77003,21-05-2023,Photographer,50,3
142,Ayaan,Female,68,3613868,10615,22-05-2023,Scientist,53,3
143,Samir,Others,67,1798302,36710,23-05-2023,Entrepreneur,146,5
144,Ananya,Male,31,3047119,44546,24-05-2023,Doctor,137,3
145,Dev,Female,60,731191,19987,25-05-2023,Engineer,18,5
146,Zoya,Others,55,743637,103876,26-05-2023,Pilot,101,5
147,Meera,Others,25,423461,123350,27-05-2023,Scientist,87,4
148,Yash,Female,66,4050616,54625,28-05-2023,Actor,99,1
149,Naina,Female,62,3942359,103746,29-05-2023,Lawyer,28,3
150,Varun,Male,39,3441678,108311,30-05-2023,Entrepreneur,35,4
151,Naina,Others,50,1328455,94657,31-05-2023,Consultant,41,1
152,Rishi,Female,65,2659622,52428,01-06-2023,Designer,95,3
153,Dev,Female,19,4658494,122372,02-06-2023,Journalist,115,3
154,Yash,Others,67,2888471,54293,03-06-2023,Chef,72,3
155,Ishaan,Female,34,2823030,11688,04-06-2023,Entrepreneur,142,2
156,Ishaan,Male,27,2628826,23847,05-06-2023,Developer,99,1
157,Kabir,Male,25,434146,22170,06-06-2023,Pilot,143,3
158,Zoya,Others,38,4614575,41979,07-06-2023,Designer,16,3
159,Zoya,Female,69,2715441,68355,08-06-2023,Actor,83,4
160,Ananya,Male,53,3104662,57983,09-06-2023,Consultant,115,2
161,Samir,Female,49,690295,107276,10-06-2023,Teacher,76,5
162,Shruti,Female,49,561752,84819,11-06-2023,Musician,49,1
163,Diya,Others,19,2899695,143064,12-06-2023,Chef,110,5
164,Shruti,Female,50,1162642,72960,13-06-2023,Consultant,11,1
165,Meera,Others,69,2071966,55327,14-06-2023,Doctor,23,2
166,Meera,Others,27,4230004,35561,15-06-2023,Banker,67,2
167,Ananya,Female,29,3476485,2131,16-06-2023,Scientist,120,4
168,Meera,Others,54,4306794,1051,17-06-2023,Accountant,149,3
169,Rishi,Male,46,2365476,22662,18-06-2023,Consultant,33,5
170,Shruti,Others,61,2464986,137681,19-06-2023,Entrepreneur,102,2
171,Kabir,Female,63,1661435,119382,20-06-2023,Engineer,46,1
172,Ayaan,Female,30,3608543,18589,21-06-2023,Accountant,149,2
173,Kabir,Others,26,2319935,82229,22-06-2023,Scientist,81,5
174,Dev,Male,31,1732294,137067,23-06-2023,Photographer,55,3
175,Diya,Others,57,658255,104074,24-06-2023,Scientist,88,2
176,Ananya,Others,47,1674242,126821,25-06-2023,Pilot,63,5
177,Dev,Male,44,4012845,60595,26-06-2023,Artist,117,5
178,Ananya,Others,40,2398058,133364,27-06-2023,Developer,125,4
179,Yash,Female,20,4486350,112090,28-06-2023,Banker,49,4
180,Rishi,Others,60,2785189,95357,29-06-2023,Architect,70,1
181,Kabir,Male,23,3712843,25539,30-06-2023,Architect,75,2
182,Zoya,Male,48,2118122,126184,01-07-2023,Architect,53,1
183,Rishi,Others,45,2263247,141832,02-07-2023,Chef,70,3
184,Ayaan,Others,21,2344026,29933,03-07-2023,Entrepreneur,62,2
185,Rishi,Male,63,4978750,141678,04-07-2023,Pharmacist,99,2
186,Diya,Others,35,1980063,69596,05-07-2023,Pharmacist,68,1
187,Ananya,Male,47,1337437,136416,06-07-2023,Pharmacist,100,3
188,Yash,Male,66,4742911,52766,07-07-2023,Teacher,69,2
189,Ananya,Female,46,2118000,92243,08-07-2023,Scientist,9,5
190,Tara,Female,55,4004149,100300,09-07-2023,Architect,66,4
191,Dev,Female,49,3154212,91010,10-07-2023,Consultant,29,3
192,Ishaan,Male,21,4884618,19735,11-07-2023,Chef,33,2
193,Kabir,Female,19,1949210,58208,12-07-2023,Photographer,133,5
194,Dev,Male,31,1032430,56816,13-07-2023,Chef,128,4
195,Yash,Others,33,1329555,23048,14-07-2023,Developer,111,1
196,Meera,Others,25,1728800,57563,15-07-2023,Pharmacist,19,1
197,Yash,Male,34,1519494,38906,16-07-2023,Accountant,65,2
198,Shruti,Others,19,765840,22269,17-07-2023,Architect,42,2
199,Dev,Male,27,1873126,18895,18-07-2023,Pharmacist,7,3
200,Tara,Male,58,3785587,149094,19-07-2023,Chef,88,1
201,Ishaan,Others,57,2757148,141649,20-07-2023,Pilot,8,1
202,Shruti,Female,53,2757148,25706,21-07-2023,Journalist,107,4
203,Ishaan,Others,25,2757148,93176,22-07-2023,Musician,12,2
204,Yash,Female,46,2757148,86786,23-07-2023,Lawyer,69,3
205,Zoya,Others,24,2757148,148326,24-07-2023,Architect,106,4
206,Meera,Male,42,2757148,13893,25-07-2023,Pharmacist,73,4
207,Samir,Female,43,2757148,92631,26-07-2023,Musician,148,5
208,Ayaan,Female,24,2757148,76970,27-07-2023,Banker,57,1
209,Zoya,Male,18,2757148,88524,28-07-2023,Writer,49,2
210,Shruti,Others,32,2757148,134742,29-07-2023,Nurse,28,3
211,Rishi,Male,45,2757148,118108,30-07-2023,Architect,68,2
212,Dev,Others,37,2757148,109825,31-07-2023,Engineer,106,2
213,Ishaan,Others,51,2757148,85982,01-08-2023,Entrepreneur,81,2
214,Ishaan,Female,51,2757148,140435,02-08-2023,Designer,78,3
215,Meera,Male,28,2757148,109412,03-08-2023,Actor,121,5
216,Yash,Male,52,2757148,52442,04-08-2023,Engineer,50,4
217,Rishi,Female,36,2757148,55315,05-08-2023,Scientist,133,1
218,Shruti,Male,68,2757148,57980,06-08-2023,Lawyer,8,5
219,Meera,Others,37,2757148,45830,07-08-2023,Developer,73,2
220,Ayaan,Male,27,2757148,109907,08-08-2023,Designer,87,5
221,Kabir,Male,41,2757148,21275,09-08-2023,Lawyer,14,1
222,Varun,Others,41,2757148,11500,10-08-2023,Lawyer,102,3
223,Dev,Others,38,2757148,89083,11-08-2023,Consultant,87,3
224,Rishi,Female,26,2757148,39830,12-08-2023,Pilot,41,3
225,Zoya,Female,46,2757148,63333,13-08-2023,Banker,77,1
226,Ayaan,Others,69,2757148,46536,14-08-2023,Developer,64,5
227,Yash,Female,61,2757148,22477,15-08-2023,Musician,71,2
228,Samir,Others,42,2757148,5021,16-08-2023,Accountant,50,4
229,Varun,Male,33,2757148,91089,17-08-2023,Actor,40,1
230,Meera,Others,18,2757148,13316,18-08-2023,Designer,130,3
231,Samir,Male,63,2757148,52489,19-08-2023,Engineer,56,4
232,Ayaan,Male,26,2757148,31801,20-08-2023,Architect,58,1
233,Meera,Others,20,2757148,105621,21-08-2023,Pilot,129,5
234,Ayaan,Others,18,2757148,74685,22-08-2023,Doctor,32,2
235,Rishi,Others,26,2757148,59988,23-08-2023,Entrepreneur,97,1
236,Kabir,Male,25,2757148,127491,24-08-2023,Journalist,137,1
237,Ishaan,Others,19,2757148,120063,25-08-2023,Pharmacist,68,4
238,Varun,Others,26,2757148,101864,26-08-2023,Accountant,75,2
239,Ayaan,Female,38,2757148,96139,27-08-2023,Entrepreneur,129,5
240,Meera,Male,64,2757148,1507,28-08-2023,Artist,72,5
241,Samir,Others,57,2757148,52921,29-08-2023,Musician,6,4
242,Ishaan,Female,47,2757148,12813,30-08-2023,Doctor,149,4
243,Yash,Others,59,2757148,12069,31-08-2023,Pilot,92,4
244,Ananya,Female,28,2757148,77098,01-09-2023,Doctor,127,2
245,Kabir,Others,53,2757148,20742,02-09-2023,Artist,94,3
246,Shruti,Male,44,2757148,120338,03-09-2023,Pilot,85,1
247,Dev,Male,59,2757148,132217,04-09-2023,Consultant,69,2
248,Naina,Others,27,2757148,121035,05-09-2023,Journalist,140,1
249,Samir,Others,30,2757148,114036,06-09-2023,Consultant,84,3
250,Naina,Female,34,2757148,5176,07-09-2023,Nurse,61,3
251,Samir,Male,47,2757148,95738,08-09-2023,Artist,55,2
252,Shruti,Male,64,1686578,25504,09-09-2023,Designer,52,4
253,Shruti,Male,67,2961469,71664,10-09-2023,Designer,14,5
254,Kabir,Others,34,3923000,91723,11-09-2023,Engineer,43,1
255,Naina,Female,40,1837629,64264,12-09-2023,Chef,49,3
256,Tara,Male,62,3529584,86976,13-09-2023,Architect,31,2
257,Diya,Male,42,2817905,71670,14-09-2023,Writer,142,2
258,Dev,Others,62,3553089,144759,15-09-2023,Scientist,142,2
259,Ananya,Others,45,4736913,140865,16-09-2023,Lawyer,57,1
260,Meera,Male,24,3618406,106303,17-09-2023,Lawyer,60,3
261,Yash,Others,41,3018633,96304,18-09-2023,Pilot,101,5
262,Diya,Male,63,2824062,72704,19-09-2023,Nurse,68,5
263,Meera,Female,49,3764682,117484,20-09-2023,Lawyer,39,2
264,Diya,Others,49,3244004,25902,21-09-2023,Chef,126,1
265,Zoya,Others,28,4506711,58085,22-09-2023,Doctor,9,4
266,Dev,Female,57,4537822,110309,23-09-2023,Consultant,74,5
267,Ayaan,Others,22,443270,53688,24-09-2023,Artist,145,3
268,Diya,Male,55,557713,46581,25-09-2023,Actor,124,3
269,Zoya,Others,60,4340856,106172,26-09-2023,Pilot,85,1
270,Tara,Male,35,1004346,50104,27-09-2023,Journalist,116,5
271,Zoya,Male,25,3971099,16579,28-09-2023,Artist,5,1
272,Diya,Others,37,4602503,16755,29-09-2023,Banker,11,2
273,Shruti,Others,22,1249845,127632,30-09-2023,Pharmacist,19,5
274,Varun,Male,54,2720053,33305,01-10-2023,Architect,50,3
275,Naina,Male,18,2034576,143411,02-10-2023,Entrepreneur,53,5
276,Kabir,Others,35,4875344,43304,03-10-2023,Pilot,22,3
277,Ishaan,Female,59,3657594,6972,04-10-2023,Musician,18,4
278,Ayaan,Female,65,2267201,49014,05-10-2023,Nurse,118,2
279,Zoya,Others,65,1666506,83890,06-10-2023,Lawyer,119,1
280,Samir,Female,51,1147571,33114,07-10-2023,Entrepreneur,127,3
281,Tara,Female,43,1545813,50071,08-10-2023,Engineer,134,3
282,Rishi,Male,22,693008,61449,09-10-2023,Writer,13,4
283,Ananya,Others,44,1861928,32890,10-10-2023,Photographer,52,1
284,Ishaan,Others,68,2820436,81331,11-10-2023,Scientist,123,1
285,Zoya,Male,53,4682946,41109,12-10-2023,Developer,16,4
286,Kabir,Male,33,1279766,45817,13-10-2023,Pharmacist,118,5
287,Dev,Female,28,1221485,42398,14-10-2023,Lawyer,72,5
288,Ananya,Female,42,2262994,84287,15-10-2023,Accountant,82,1
289,Kabir,Male,42,2313924,16953,16-10-2023,Teacher,10,3
290,Ishaan,Male,36,3429860,121605,17-10-2023,Entrepreneur,43,1
291,Zoya,Male,21,753730,114235,18-10-2023,Consultant,130,2
292,Diya,Male,22,1731892,6100,19-10-2023,Developer,7,3
293,Meera,Male,22,2381787,71320,20-10-2023,Teacher,70,2
294,Kabir,Male,27,1513807,85119,21-10-2023,Artist,38,5
295,Diya,Male,38,2301334,135938,22-10-2023,Chef,139,4
296,Zoya,Others,59,1578206,106981,23-10-2023,Entrepreneur,58,4
297,Dev,Male,62,3553003,36173,24-10-2023,Photographer,65,5
298,Shruti,Female,44,2612042,2478,25-10-2023,Entrepreneur,57,3
299,Shruti,Female,23,4987158,59767,26-10-2023,Doctor,40,1
300,Zoya,Others,49,4941976,23944,27-10-2023,Writer,84,4
301,Kabir,Others,43,2792739,134069,28-10-2023,Designer,80,1
302,Samir,Others,52,1782434,5932,29-10-2023,Pharmacist,18,3
303,Ishaan,Male,41,2888694,107901,30-10-2023,Writer,121,1
304,Kabir,Male,56,3838649,13478,31-10-2023,Developer,10,1
305,Ayaan,Female,30,4620151,119316,01-11-2023,Scientist,16,3
306,Varun,Others,42,3672234,132545,02-11-2023,Chef,99,5
307,Yash,Others,49,2540791,114676,03-11-2023,Actor,41,3
308,Kabir,Male,46,816660,19171,04-11-2023,Consultant,55,3
309,Ishaan,Others,28,1320397,44610,05-11-2023,Musician,16,3
310,Shruti,Others,39,940861,145617,06-11-2023,Scientist,72,1
311,Dev,Male,27,3012568,85186,07-11-2023,Accountant,88,3
312,Diya,Female,53,3128357,97476,08-11-2023,Chef,68,5
313,Naina,Female,66,3542379,111680,09-11-2023,Lawyer,24,1
314,Ayaan,Male,30,3923281,99236,10-11-2023,Designer,96,3
315,Diya,Others,20,4754542,48272,11-11-2023,Photographer,49,3
316,Zoya,Others,49,3498900,4778,12-11-2023,Lawyer,100,3
317,Ishaan,Others,35,4616399,24336,13-11-2023,Banker,76,4
318,Yash,Female,64,2907832,144075,14-11-2023,Consultant,125,4
319,Diya,Female,33,1400370,107810,15-11-2023,Nurse,94,4
320,Samir,Female,65,4071890,68049,16-11-2023,Banker,13,4
321,Dev,Others,28,2402587,12161,17-11-2023,Scientist,149,1
322,Yash,Others,21,2051845,108496,18-11-2023,Actor,33,5
323,Tara,Female,19,2698450,38302,19-11-2023,Banker,48,5
324,Kabir,Male,52,720068,138769,20-11-2023,Scientist,91,4
325,Ayaan,Female,40,4664233,17668,21-11-2023,Lawyer,81,5
326,Kabir,Male,30,4248704,55986,22-11-2023,Accountant,145,4
327,Tara,Others,18,2889984,122852,23-11-2023,Developer,82,3
328,Diya,Female,28,4040049,48715,24-11-2023,Scientist,102,2
329,Kabir,Male,20,4590748,127254,25-11-2023,Banker,124,4
330,Rishi,Female,52,1405644,124768,26-11-2023,Nurse,46,2
331,Diya,Others,59,1319506,94884,27-11-2023,Photographer,106,3
332,Ishaan,Female,57,4509788,71733,28-11-2023,Accountant,42,1
333,Zoya,Male,58,1716859,148307,29-11-2023,Artist,105,2
334,Ishaan,Female,59,3024735,46268,30-11-2023,Chef,10,5
335,Tara,Female,40,3075426,73059,01-12-2023,Entrepreneur,89,2
336,Yash,Female,41,3145479,112632,02-12-2023,Banker,40,2
337,Ishaan,Male,52,1574458,33715,03-12-2023,Engineer,12,4
338,Varun,Male,66,1532692,5323,04-12-2023,Photographer,43,3
339,Shruti,Male,49,783721,145243,05-12-2023,Nurse,94,5
340,Dev,Others,65,4782615,125830,06-12-2023,Accountant,143,1
341,Meera,Male,39,3184649,126045,07-12-2023,Developer,35,1
342,Rishi,Others,53,4995315,147157,08-12-2023,Doctor,21,2
343,Ayaan,Others,28,3130528,16825,09-12-2023,Chef,77,4
344,Zoya,Female,25,2896893,34798,10-12-2023,Teacher,38,4
345,Tara,Others,34,1013833,90160,11-12-2023,Chef,57,5
346,Meera,Male,47,956714,54457,12-12-2023,Scientist,35,1
347,Varun,Female,27,1142997,100794,13-12-2023,Entrepreneur,116,5
348,Naina,Others,21,2115504,45301,14-12-2023,Entrepreneur,69,1
349,Meera,Female,62,1002630,137260,15-12-2023,Accountant,128,5
350,Tara,Male,35,2760424,22323,16-12-2023,Artist,110,5
351,Shruti,Female,21,1691267,145842,17-12-2023,Pilot,106,4
352,Ishaan,Male,68,1008045,64574,18-12-2023,Chef,55,2
353,Ananya,Male,66,1744824,9428,19-12-2023,Designer,61,2
354,Varun,Male,36,4511969,66081,20-12-2023,Entrepreneur,96,3
355,Ayaan,Others,45,3161950,77605,21-12-2023,Artist,141,4
356,Ishaan,Others,33,1820166,16450,22-12-2023,Pilot,108,1
357,Dev,Others,24,1053840,125845,23-12-2023,Journalist,108,4
358,Zoya,Female,49,3289229,128957,24-12-2023,Actor,22,4
359,Diya,Female,32,1790261,4669,25-12-2023,Scientist,147,5
360,Dev,Male,43,2292280,89823,26-12-2023,Journalist,18,4
361,Kabir,Female,21,2679301,144009,27-12-2023,Teacher,14,1
362,Meera,Female,22,4989129,88939,28-12-2023,Chef,149,3
363,Kabir,Male,35,3951437,32852,29-12-2023,Scientist,81,5
364,Zoya,Male,20,1534494,136761,30-12-2023,Writer,54,4
365,Naina,Male,33,775541,134599,31-12-2023,Scientist,70,5
366,Naina,Female,18,1085282,85833,01-01-2024,Chef,138,5
367,Shruti,Others,19,1303241,95902,02-01-2024,Artist,27,5
368,Ananya,Male,20,3861235,3769,03-01-2024,Artist,74,2
369,Yash,Others,25,3984609,5059,04-01-2024,Doctor,35,4
370,Shruti,Others,30,3515911,86215,05-01-2024,Pilot,109,5
371,Zoya,Male,61,1967578,42320,06-01-2024,Pharmacist,110,2
372,Shruti,Others,46,1350731,3132,07-01-2024,Engineer,121,1
373,Kabir,Female,18,1556610,140494,08-01-2024,Developer,107,5
374,Tara,Male,25,1127571,53135,09-01-2024,Actor,93,2
375,Yash,Others,67,2708814,129908,10-01-2024,Teacher,60,5
376,Kabir,Male,62,1091102,96780,11-01-2024,Nurse,117,1
377,Ayaan,Female,60,3466491,72390,12-01-2024,Lawyer,44,2
378,Meera,Others,19,688631,49466,13-01-2024,Photographer,130,2
379,Tara,Others,40,4320422,78226,14-01-2024,Nurse,35,2
380,Varun,Male,41,2790007,123949,15-01-2024,Architect,15,4
381,Meera,Male,37,941699,41647,16-01-2024,Scientist,9,2
382,Dev,Female,24,1181980,139809,17-01-2024,Doctor,90,1
383,Kabir,Male,36,3583926,9441,18-01-2024,Accountant,15,2
384,Yash,Others,44,2669941,64363,19-01-2024,Designer,85,4
385,Meera,Female,21,1241154,54828,20-01-2024,Pharmacist,96,3
386,Naina,Others,22,3952447,22523,21-01-2024,Lawyer,89,3
387,Shruti,Male,24,4096442,8241,22-01-2024,Photographer,55,4
388,Yash,Others,53,2756044,33687,23-01-2024,Pharmacist,38,4
389,Naina,Male,37,4684371,97907,24-01-2024,Nurse,125,3
390,Ishaan,Male,32,3623089,101241,25-01-2024,Consultant,21,4
391,Varun,Others,24,2813786,31562,26-01-2024,Artist,101,4
392,Zoya,Female,53,2189418,88331,27-01-2024,Nurse,148,5
393,Samir,Male,26,511740,103921,28-01-2024,Accountant,122,1
394,Dev,Others,28,4625277,95413,29-01-2024,Artist,93,3
395,Meera,Others,31,1189086,61108,30-01-2024,Consultant,80,2
396,Rishi,Others,43,2221902,78929,31-01-2024,Chef,50,3
397,Ananya,Female,31,571816,7917,01-02-2024,Consultant,67,5
398,Rishi,Others,35,2801990,85272,02-02-2024,Photographer,96,1
399,Naina,Male,51,2427766,109863,03-02-2024,Architect,72,1
400,Ananya,Female,48,4893395,83360,04-02-2024,Photographer,147,4
401,Zoya,Others,20,2304846,25393,05-02-2024,Accountant,28,2
402,Yash,Others,34,1397635,102065,06-02-2024,Writer,36,4
403,Shruti,Others,35,4510959,11688,07-02-2024,Pharmacist,25,4
404,Samir,Male,56,4564852,88336,08-02-2024,Nurse,118,2
405,Dev,Others,25,2999055,84967,09-02-2024,Journalist,41,4
406,Tara,Others,63,2341065,94896,10-02-2024,Developer,76,4
407,Kabir,Male,57,2700295,136505,11-02-2024,Consultant,61,4
408,Rishi,Others,55,2064612,73262,12-02-2024,Actor,15,3
409,Ayaan,Male,45,3979266,16623,13-02-2024,Architect,41,1
410,Ananya,Others,48,4908182,142881,14-02-2024,Lawyer,64,3
411,Shruti,Female,27,3927332,13720,15-02-2024,Photographer,59,5
412,Yash,Others,59,3985014,113956,16-02-2024,Designer,143,1
413,Rishi,Others,55,4629454,61814,17-02-2024,Scientist,71,3
414,Dev,Male,25,3185311,123658,18-02-2024,Doctor,15,5
415,Ayaan,Others,46,2397445,41158,19-02-2024,Artist,32,1
416,Diya,Others,35,4817598,25870,20-02-2024,Teacher,118,4
417,Ananya,Female,54,3421700,65956,21-02-2024,Actor,15,3
418,Samir,Female,40,2782479,80718,22-02-2024,Accountant,142,5
419,Diya,Female,38,4414863,63091,23-02-2024,Pharmacist,25,3
420,Tara,Female,46,977435,91915,24-02-2024,Photographer,15,2
421,Diya,Male,40,4029551,38363,25-02-2024,Consultant,39,5
422,Tara,Others,49,2417954,130164,26-02-2024,Chef,17,5
423,Naina,Others,63,841227,38054,27-02-2024,Artist,106,3
424,Dev,Male,19,3692654,3054,28-02-2024,Artist,47,4
425,Meera,Female,20,4414033,94581,29-02-2024,Writer,148,2
426,Ananya,Male,42,1397367,117293,01-03-2024,Pharmacist,51,2
427,Yash,Others,57,821908,115502,02-03-2024,Developer,36,3
428,Rishi,Male,50,3093064,113204,03-03-2024,Doctor,22,1
429,Naina,Others,38,2285936,129637,04-03-2024,Teacher,97,1
430,Diya,Others,49,3230291,104300,05-03-2024,Designer,84,1
431,Varun,Others,23,4403002,65129,06-03-2024,Pharmacist,90,3
432,Diya,Female,40,4038459,144438,07-03-2024,Pilot,73,1
433,Shruti,Female,31,1499344,30378,08-03-2024,Scientist,127,3
434,Varun,Male,38,3219134,2945,09-03-2024,Nurse,143,2
435,Diya,Female,45,2432750,112011,10-03-2024,Nurse,6,1
436,Rishi,Male,56,2192941,107363,11-03-2024,Teacher,62,4
437,Naina,Female,31,2409045,31155,12-03-2024,Entrepreneur,13,4
438,Ishaan,Female,64,2997531,130656,13-03-2024,Accountant,101,3
439,Ananya,Male,46,4156434,39921,14-03-2024,Pharmacist,83,1
440,Zoya,Others,45,2146325,24101,15-03-2024,Engineer,67,5
441,Meera,Male,50,2000872,100524,16-03-2024,Pilot,99,5
442,Kabir,Male,54,2032193,137032,17-03-2024,Lawyer,12,2
443,Ishaan,Male,60,437019,115879,18-03-2024,Accountant,139,5
444,Diya,Female,40,2318720,57887,19-03-2024,Musician,141,4
445,Dev,Others,58,1485479,147656,20-03-2024,Musician,27,3
446,Ananya,Others,51,2129854,88810,21-03-2024,Scientist,23,1
447,Kabir,Female,55,4648699,8132,22-03-2024,Teacher,22,1
448,Shruti,Others,58,416273,100585,23-03-2024,Architect,35,2
449,Kabir,Male,66,893002,118972,24-03-2024,Doctor,33,1
450,Rishi,Female,21,3955786,23999,25-03-2024,Consultant,26,4
451,Ayaan,Male,61,2260222,136207,26-03-2024,Photographer,122,2
452,Varun,Male,27,3440382,4843,27-03-2024,Actor,127,2
453,Shruti,Female,35,748953,4707,28-03-2024,Entrepreneur,102,3
454,Samir,Others,38,3809554,48968,29-03-2024,Teacher,51,2
455,Naina,Male,53,4349339,148350,30-03-2024,Accountant,104,4
456,Kabir,Male,60,4061949,65934,31-03-2024,Artist,15,5
457,Zoya,Others,42,734452,121197,01-04-2024,Photographer,121,4
458,Varun,Female,39,3630151,136322,02-04-2024,Banker,122,2
459,Shruti,Female,62,1178479,89161,03-04-2024,Pharmacist,68,5
460,Ayaan,Others,69,955225,47557,04-04-2024,Chef,47,3
461,Naina,Male,20,2158793,71452,05-04-2024,Writer,117,2
462,Naina,Male,51,1186833,28948,06-04-2024,Developer,148,1
463,Ayaan,Others,56,1603516,92646,07-04-2024,Consultant,138,2
464,Varun,Female,42,3846832,108566,08-04-2024,Pharmacist,79,4
465,Meera,Others,62,2490329,138006,09-04-2024,Musician,99,2
466,Tara,Male,56,4435827,39130,10-04-2024,Journalist,68,5
467,Rishi,Female,38,4496059,70528,11-04-2024,Photographer,49,2
468,Zoya,Male,19,4210910,9193,12-04-2024,Developer,140,4
469,Varun,Female,23,3444643,39475,13-04-2024,Artist,20,3
470,Shruti,Male,34,3621209,147349,14-04-2024,Chef,109,3
471,Ananya,Female,47,3117535,86035,15-04-2024,Lawyer,20,1
472,Shruti,Male,24,1874905,40275,16-04-2024,Artist,24,2
473,Yash,Others,56,2019820,123294,17-04-2024,Developer,20,5
474,Naina,Others,25,4210120,135060,18-04-2024,Developer,50,5
475,Yash,Female,47,854988,59959,19-04-2024,Pilot,137,5
476,Ishaan,Male,21,988712,67791,20-04-2024,Banker,118,3
477,Samir,Others,34,4223449,72088,21-04-2024,Architect,108,2
478,Yash,Female,29,2757148,137000,22-04-2024,Writer,70,1
479,Rishi,Others,53,2893410,82426,23-04-2024,Consultant,12,5
480,Ayaan,Male,24,4184991,49626,24-04-2024,Pilot,100,2
481,Ishaan,Female,46,1712406,73823,25-04-2024,Developer,118,4
482,Ayaan,Others,34,4218755,38237,26-04-2024,Pharmacist,71,3
483,Shruti,Female,48,2351689,52180,27-04-2024,Actor,83,4
484,Dev,Female,27,1073569,71313,28-04-2024,Engineer,96,3
485,Samir,Male,61,4100765,126639,29-04-2024,Teacher,130,5
486,Ishaan,Others,23,4788974,99072,30-04-2024,Journalist,14,2
487,Ishaan,Others,24,978677,96780,01-05-2024,Designer,112,4
488,Tara,Others,36,4177035,142957,02-05-2024,Journalist,131,1
489,Samir,Others,45,753675,91659,03-05-2024,Scientist,12,4
490,Varun,Male,61,3044703,39574,04-05-2024,Architect,100,4
491,Varun,Others,22,400168,65057,05-05-2024,Actor,8,5
492,Meera,Female,44,3499248,63116,06-05-2024,Artist,120,5
493,Kabir,Others,25,3047988,136477,07-05-2024,Scientist,88,3
494,Kabir,Others,28,1381301,124490,08-05-2024,Pharmacist,43,4
495,Diya,Others,25,4299393,111438,09-05-2024,Developer,79,5
496,Diya,Female,37,4863055,65229,10-05-2024,Chef,103,3
497,Diya,Male,40,3082039,74026,11-05-2024,Designer,50,4
498,Ishaan,Others,51,3919754,74399,12-05-2024,Architect,46,1
499,Ananya,Female,60,1311225,91925,13-05-2024,Engineer,89,1
500,Diya,Female,40,1024009,54865,14-05-2024,Photographer,149,4
501,Ayaan,Female,34,3753598,114209,15-05-2024,Chef,89,4
502,Meera,Female,64,1597041,75669,16-05-2024,Lawyer,106,4
503,Ayaan,Male,60,689729,119780,17-05-2024,Lawyer,99,3
504,Varun,Male,35,3274720,47597,18-05-2024,Pilot,101,1
505,Meera,Male,54,4441771,127184,19-05-2024,Chef,25,2
506,Ayaan,Male,31,2666416,109886,20-05-2024,Chef,124,1
507,Naina,Male,36,800537,76724,21-05-2024,Musician,33,3
508,Naina,Others,53,2124014,148892,22-05-2024,Photographer,119,1
509,Shruti,Female,66,3060969,79611,23-05-2024,Entrepreneur,143,5
510,Shruti,Female,19,860041,102890,24-05-2024,Pilot,139,5
511,Tara,Others,64,4488675,32983,25-05-2024,Musician,139,1
512,Kabir,Female,25,2638067,3642,26-05-2024,Lawyer,45,5
513,Tara,Male,47,4899659,36515,27-05-2024,Pharmacist,37,4
514,Ayaan,Male,53,3911597,38744,28-05-2024,Actor,46,1
515,Yash,Male,46,416032,15718,29-05-2024,Lawyer,60,2
516,Diya,Male,58,4510888,106674,30-05-2024,Musician,131,3
517,Varun,Female,60,2060002,18690,31-05-2024,Engineer,22,3
518,Naina,Male,64,662632,33376,01-06-2024,Actor,37,5
519,Ayaan,Others,47,1854413,43166,02-06-2024,Entrepreneur,66,2
520,Ananya,Male,40,1185818,129944,03-06-2024,Musician,148,3
521,Zoya,Others,36,3662481,61766,04-06-2024,Engineer,9,3
522,Rishi,Others,61,799124,64586,05-06-2024,Actor,101,3
523,Samir,Male,66,568588,69042,06-06-2024,Developer,119,1
524,Naina,Others,56,4171814,78402,07-06-2024,Journalist,98,4
525,Varun,Others,26,2529008,8965,08-06-2024,Consultant,9,5
526,Yash,Others,33,4048531,107518,09-06-2024,Pharmacist,118,2
527,Shruti,Male,46,2795461,30889,10-06-2024,Teacher,44,2
528,Samir,Male,19,3231207,90493,11-06-2024,Photographer,38,3
529,Diya,Female,39,3542671,73956,12-06-2024,Photographer,29,5
530,Varun,Male,40,3670015,47358,13-06-2024,Doctor,120,4
531,Meera,Others,58,2126428,2337,14-06-2024,Journalist,117,4
532,Shruti,Male,23,1533193,132383,15-06-2024,Journalist,66,5
533,Ayaan,Male,21,1496482,44793,16-06-2024,Artist,14,1
534,Diya,Others,30,3358123,126168,17-06-2024,Artist,75,1
535,Naina,Male,68,2778531,137747,18-06-2024,Writer,57,3
536,Kabir,Male,26,1649239,115605,19-06-2024,Entrepreneur,65,5
537,Meera,Male,67,1171012,33515,20-06-2024,Engineer,46,1
538,Ananya,Male,32,885600,45667,21-06-2024,Consultant,32,3
539,Samir,Others,64,4889322,14549,22-06-2024,Banker,133,1
540,Ishaan,Male,31,869468,71321,23-06-2024,Scientist,20,5
541,Samir,Female,57,4642909,35741,24-06-2024,Designer,149,5
542,Diya,Male,62,1995329,117806,25-06-2024,Pharmacist,89,4
543,Naina,Female,34,428579,127895,26-06-2024,Designer,46,5
544,Yash,Others,24,2274630,97959,27-06-2024,Musician,130,1
545,Dev,Female,19,3277462,76492,28-06-2024,Chef,32,1
546,Naina,Female,53,2066840,103764,29-06-2024,Teacher,119,1
547,Meera,Others,38,3552289,139143,30-06-2024,Scientist,139,1
548,Ishaan,Female,48,2073705,62220,01-07-2024,Banker,141,2
549,Ananya,Male,68,1533661,86004,02-07-2024,Engineer,85,4
550,Meera,Others,19,4442347,77497,03-07-2024,Lawyer,35,5
551,Diya,Others,56,1096828,20787,04-07-2024,Engineer,133,5
552,Rishi,Male,65,2001430,52811,05-07-2024,Writer,8,2
553,Tara,Male,29,2939619,121154,06-07-2024,Teacher,10,4
554,Dev,Female,24,3148193,117370,07-07-2024,Doctor,103,5
555,Rishi,Male,21,4149310,31165,08-07-2024,Designer,29,4
556,Tara,Male,47,3923120,105772,09-07-2024,Developer,83,4
557,Ananya,Others,35,1337674,116784,10-07-2024,Chef,34,5
558,Samir,Female,56,1780199,64153,11-07-2024,Artist,9,4
559,Rishi,Others,49,2691621,58647,12-07-2024,Journalist,113,3
560,Ananya,Male,33,4249681,106885,13-07-2024,Banker,7,1
561,Shruti,Others,52,3007032,22669,14-07-2024,Pilot,63,5
562,Diya,Others,38,3883627,128723,15-07-2024,Scientist,98,1
563,Ishaan,Female,49,4781862,49157,16-07-2024,Designer,87,2
564,Varun,Female,35,4465910,118780,17-07-2024,Teacher,17,2
565,Tara,Female,45,2842560,17566,18-07-2024,Lawyer,101,1
566,Dev,Male,25,1765353,106453,19-07-2024,Journalist,9,3
567,Tara,Others,34,3289570,135866,20-07-2024,Designer,116,5
568,Yash,Male,20,976279,3152,21-07-2024,Teacher,117,5
569,Ishaan,Others,24,557715,72759,22-07-2024,Developer,85,1
570,Kabir,Male,51,2482839,149980,23-07-2024,Writer,97,4
571,Yash,Female,22,2921219,15078,24-07-2024,Entrepreneur,115,1
572,Meera,Male,18,2746894,41882,25-07-2024,Doctor,84,1
573,Ananya,Female,36,3521015,137804,26-07-2024,Lawyer,19,1
574,Kabir,Female,32,2085757,128529,27-07-2024,Nurse,143,2
575,Meera,Female,50,2291392,70838,28-07-2024,Banker,141,3
576,Ayaan,Female,61,4505150,34787,29-07-2024,Doctor,120,2
577,Tara,Others,67,4806232,97472,30-07-2024,Pilot,6,2
578,Kabir,Female,28,4072090,28559,31-07-2024,Engineer,101,1
579,Rishi,Male,27,2827871,59045,01-08-2024,Pilot,18,4
580,Ishaan,Female,21,4951467,65632,02-08-2024,Nurse,51,5
581,Dev,Female,37,4159733,93801,03-08-2024,Musician,74,1
582,Varun,Male,26,4690447,59981,04-08-2024,Pharmacist,140,2
583,Kabir,Others,44,3425042,142601,05-08-2024,Writer,24,3
584,Samir,Female,58,1502812,137301,06-08-2024,Banker,149,4
585,Shruti,Others,55,1043615,121480,07-08-2024,Accountant,136,5
586,Samir,Male,64,2715608,140869,08-08-2024,Writer,47,4
587,Zoya,Male,41,3392856,61001,09-08-2024,Teacher,75,4
588,Samir,Female,29,4980983,112232,10-08-2024,Designer,128,4
589,Zoya,Male,67,4078916,119863,11-08-2024,Engineer,25,2
590,Varun,Male,58,1047152,140527,12-08-2024,Developer,25,4
591,Samir,Others,25,2500381,55807,13-08-2024,Artist,114,1
592,Rishi,Others,40,1861189,146857,14-08-2024,Doctor,66,1
593,Ananya,Female,60,430670,145010,15-08-2024,Nurse,61,2
594,Samir,Others,40,3858078,147222,16-08-2024,Writer,18,2
595,Samir,Female,35,2640670,88981,17-08-2024,Teacher,94,2
596,Varun,Female,31,3365772,129392,18-08-2024,Developer,27,3
597,Zoya,Female,65,903922,64077,19-08-2024,Teacher,127,1
598,Samir,Others,62,2988678,117647,20-08-2024,Chef,38,5
599,Dev,Male,30,585063,136125,21-08-2024,Musician,87,2
600,Tara,Male,32,1594275,99348,22-08-2024,Designer,19,3
601,Zoya,Male,40,2848351,136129,23-08-2024,Actor,77,1
602,Varun,Others,34,1641943,21480,24-08-2024,Actor,49,1
603,Ayaan,Male,47,2456938,20320,25-08-2024,Developer,91,1
604,Ayaan,Male,32,3915404,73212,26-08-2024,Consultant,26,2
605,Dev,Others,46,4239758,119194,27-08-2024,Banker,39,4
606,Meera,Female,63,4993264,56409,28-08-2024,Architect,88,1
607,Ishaan,Female,55,1917739,134649,29-08-2024,Scientist,142,1
608,Ishaan,Male,65,3149246,10116,30-08-2024,Writer,61,1
609,Rishi,Male,65,2565208,50716,31-08-2024,Writer,24,4
610,Samir,Others,23,1319091,73936,01-09-2024,Accountant,99,4
611,Ananya,Male,67,4660841,129773,02-09-2024,Pilot,58,3
612,Ishaan,Male,31,2665632,103566,03-09-2024,Actor,46,1
613,Meera,Female,69,3797272,94950,04-09-2024,Consultant,42,4
614,Naina,Others,40,4617937,144922,05-09-2024,Architect,140,2
615,Diya,Others,66,3447067,94459,06-09-2024,Engineer,15,1
616,Diya,Others,53,1039068,10630,07-09-2024,Architect,126,2
617,Yash,Others,49,821197,64189,08-09-2024,Musician,29,4
618,Diya,Male,61,3607277,72977,09-09-2024,Banker,91,5
619,Kabir,Female,19,1265957,133849,10-09-2024,Photographer,74,1
620,Meera,Male,43,703859,69364,11-09-2024,Doctor,48,3
621,Meera,Male,42,2631406,58754,12-09-2024,Photographer,78,1
622,Ayaan,Male,54,4372367,27825,13-09-2024,Doctor,93,1
623,Diya,Others,21,2600289,67962,14-09-2024,Lawyer,135,1
624,Naina,Male,61,3263768,11655,15-09-2024,Chef,116,5
625,Samir,Female,56,4588189,40352,16-09-2024,Scientist,38,3
626,Kabir,Female,28,518646,123402,17-09-2024,Designer,73,2
627,Tara,Male,42,3749370,67270,18-09-2024,Lawyer,102,1
628,Zoya,Others,48,2591102,60768,19-09-2024,Nurse,54,5
629,Zoya,Female,63,4337328,9325,20-09-2024,Consultant,52,5
630,Tara,Male,45,3885248,134222,21-09-2024,Teacher,145,4
631,Shruti,Others,58,3229710,142515,22-09-2024,Actor,41,5
632,Meera,Male,29,3924512,66741,23-09-2024,Journalist,146,1
633,Ishaan,Female,22,4662275,8771,24-09-2024,Teacher,148,5
634,Yash,Female,55,3592274,138734,25-09-2024,Developer,105,1
635,Kabir,Male,39,3773161,100780,26-09-2024,Lawyer,69,2
636,Diya,Male,26,1088502,38639,27-09-2024,Lawyer,7,4
637,Rishi,Female,41,3126417,128063,28-09-2024,Writer,58,1
638,Varun,Male,63,442969,118593,29-09-2024,Scientist,89,4
639,Kabir,Male,33,2576967,137581,30-09-2024,Photographer,14,1
640,Dev,Others,43,2079278,122390,01-10-2024,Musician,53,3
641,Naina,Male,63,4053772,127218,02-10-2024,Entrepreneur,95,3
642,Samir,Male,54,4819907,41367,03-10-2024,Banker,122,1
643,Naina,Female,47,708955,107491,04-10-2024,Journalist,70,3
644,Varun,Male,34,4314180,7774,05-10-2024,Banker,82,5
645,Zoya,Others,54,3066401,53658,06-10-2024,Engineer,114,4
646,Ishaan,Others,65,4979966,19594,07-10-2024,Engineer,109,1
647,Ishaan,Male,45,4731142,113848,08-10-2024,Musician,99,4
648,Samir,Others,52,1759404,136377,09-10-2024,Writer,119,2
649,Meera,Female,41,3901227,56719,10-10-2024,Accountant,30,1
650,Ishaan,Male,57,1401807,98006,11-10-2024,Teacher,127,1
651,Dev,Others,30,457684,53828,12-10-2024,Musician,55,3
652,Ishaan,Male,25,3828641,18431,13-10-2024,Journalist,126,2
653,Kabir,Female,36,1866179,125770,14-10-2024,Pilot,14,5
654,Varun,Male,64,4694761,9278,15-10-2024,Architect,27,5
655,Zoya,Male,39,3013297,30916,16-10-2024,Lawyer,59,5
656,Ananya,Others,34,4585731,3387,17-10-2024,Engineer,22,2
657,Kabir,Female,61,560267,29010,18-10-2024,Developer,106,4
658,Varun,Others,42,1603810,139414,19-10-2024,Architect,27,5
659,Yash,Female,39,1747541,91710,20-10-2024,Scientist,124,2
660,Samir,Female,64,806986,56586,21-10-2024,Accountant,45,1
661,Rishi,Male,57,4210221,87701,22-10-2024,Consultant,56,2
662,Dev,Male,43,2314790,37106,23-10-2024,Lawyer,71,5
663,Rishi,Others,66,3710455,44722,24-10-2024,Teacher,20,3
664,Zoya,Others,42,1715820,58420,25-10-2024,Banker,131,4
665,Ishaan,Others,52,4518232,86264,26-10-2024,Nurse,119,3
666,Ishaan,Male,21,4231656,61467,27-10-2024,Banker,23,4
667,Shruti,Others,67,4047036,113620,28-10-2024,Accountant,20,1
668,Naina,Female,25,4048679,47380,29-10-2024,Writer,142,2
669,Dev,Female,47,1029156,144705,30-10-2024,Nurse,7,1
670,Shruti,Male,33,4160456,12140,31-10-2024,Chef,53,2
671,Meera,Others,42,4326228,6940,01-11-2024,Architect,81,2
672,Yash,Others,37,2563299,90628,02-11-2024,Developer,124,3
673,Yash,Female,64,4595196,99838,03-11-2024,Journalist,129,1
674,Tara,Female,24,1414228,142945,04-11-2024,Engineer,110,4
675,Naina,Male,28,2143715,141876,05-11-2024,Journalist,78,4
676,Diya,Male,60,2485620,52506,06-11-2024,Architect,62,5
677,Ayaan,Female,28,4779317,102422,07-11-2024,Lawyer,57,3
678,Yash,Male,30,3404023,40283,08-11-2024,Architect,8,5
679,Naina,Others,32,4983293,118148,09-11-2024,Accountant,33,2
680,Tara,Female,22,4808400,148649,10-11-2024,Banker,35,5
681,Ishaan,Others,31,2915073,140551,11-11-2024,Developer,89,2
682,Zoya,Male,40,4371767,72970,12-11-2024,Artist,9,2
683,Tara,Others,45,2136302,91846,13-11-2024,Banker,136,1
684,Ayaan,Female,50,3195844,9023,14-11-2024,Actor,77,4
685,Yash,Others,58,1841146,133604,15-11-2024,Accountant,15,5
686,Meera,Male,64,1679708,55356,16-11-2024,Entrepreneur,85,5
687,Kabir,Female,42,3099256,59471,17-11-2024,Artist,130,1
688,Dev,Female,28,1597605,63240,18-11-2024,Accountant,148,5
689,Ayaan,Others,25,1937377,36811,19-11-2024,Scientist,74,4
690,Ananya,Female,68,1021763,139129,20-11-2024,Nurse,92,3
691,Varun,Male,26,1443432,82908,21-11-2024,Journalist,45,1
692,Ayaan,Others,35,4646215,28866,22-11-2024,Engineer,118,3
693,Samir,Others,60,4557738,15136,23-11-2024,Accountant,93,5
694,Samir,Female,31,1475447,138413,24-11-2024,Pilot,28,4
695,Diya,Male,26,4166089,132088,25-11-2024,Engineer,27,4
696,Naina,Male,60,2116090,21276,26-11-2024,Pilot,51,1
697,Ananya,Male,53,3325768,16296,27-11-2024,Writer,84,5
698,Zoya,Others,50,4164905,127639,28-11-2024,Journalist,46,2
699,Meera,Male,25,3465486,38996,29-11-2024,Banker,20,2
700,Ananya,Female,65,4847679,115963,30-11-2024,Banker,15,2
701,Ananya,Others,59,4455993,110069,01-12-2024,Banker,141,2
702,Kabir,Others,55,2103667,107647,02-12-2024,Musician,76,1
703,Meera,Male,57,3636606,59709,03-12-2024,Engineer,65,4
704,Tara,Others,65,3564390,135948,04-12-2024,Pharmacist,61,1
705,Naina,Male,32,4902033,93079,05-12-2024,Engineer,29,1
706,Ananya,Others,20,3725595,148197,06-12-2024,Pilot,72,4
707,Ishaan,Others,36,3319146,8987,07-12-2024,Artist,80,2
708,Tara,Others,25,3535524,101451,08-12-2024,Pharmacist,74,4
709,Zoya,Female,20,4383016,95593,09-12-2024,Architect,13,4
710,Naina,Male,46,657800,109310,10-12-2024,Architect,97,5
711,Varun,Female,56,1247547,102645,11-12-2024,Musician,120,3
712,Samir,Others,57,532602,103949,12-12-2024,Nurse,132,4
713,Dev,Male,26,2605698,134622,13-12-2024,Writer,45,2
714,Zoya,Male,42,4954237,142283,14-12-2024,Entrepreneur,103,5
715,Shruti,Female,55,3676956,146544,15-12-2024,Lawyer,55,1
716,Meera,Others,68,720870,25553,16-12-2024,Photographer,117,2
717,Kabir,Female,45,2418640,94399,17-12-2024,Doctor,97,4
718,Ayaan,Male,58,1996932,78260,18-12-2024,Pilot,115,2
719,Ayaan,Female,22,3495194,141019,19-12-2024,Scientist,53,1
720,Kabir,Male,31,4414502,149360,20-12-2024,Musician,117,3
721,Yash,Male,65,4135594,16101,21-12-2024,Lawyer,129,4
722,Naina,Male,50,2946634,10981,22-12-2024,Musician,126,4
723,Ishaan,Others,26,4124616,147314,23-12-2024,Artist,62,5
724,Samir,Male,49,3562041,141164,24-12-2024,Developer,137,1
725,Ishaan,Others,54,2392363,146281,25-12-2024,Banker,55,5
726,Varun,Male,56,2013205,3882,26-12-2024,Designer,129,1
727,Shruti,Male,53,2710466,110090,27-12-2024,Photographer,108,1
728,Ananya,Male,61,3233865,33466,28-12-2024,Photographer,92,4
729,Kabir,Female,29,558053,49649,29-12-2024,Developer,106,5
730,Shruti,Female,53,3494678,134725,30-12-2024,Photographer,122,2
731,Ayaan,Others,66,3978157,57219,31-12-2024,Journalist,47,2
732,Kabir,Female,29,4108578,80426,01-01-2025,Journalist,66,4
733,Naina,Others,49,2742714,3909,02-01-2025,Photographer,94,3
734,Tara,Others,41,1446304,100624,03-01-2025,Entrepreneur,36,3
735,Ananya,Male,64,2724895,56786,04-01-2025,Pilot,33,4
736,Varun,Female,48,1668864,34560,05-01-2025,Chef,135,5
737,Naina,Male,48,3286334,107060,06-01-2025,Architect,90,4
738,Ananya,Female,37,2219555,44810,07-01-2025,Musician,63,5
739,Yash,Male,56,4773120,67446,08-01-2025,Doctor,10,4
740,Meera,Others,64,1557810,33877,09-01-2025,Entrepreneur,44,5
741,Varun,Female,39,1258867,4288,10-01-2025,Lawyer,23,5
742,Varun,Others,20,901206,9959,11-01-2025,Scientist,21,3
743,Dev,Male,28,2802450,140928,12-01-2025,Writer,27,2
744,Naina,Female,20,4663822,147085,13-01-2025,Teacher,91,1
745,Kabir,Others,57,2162228,16376,14-01-2025,Lawyer,18,2
746,Samir,Male,57,3177977,124466,15-01-2025,Actor,100,1
747,Ayaan,Male,47,838733,61351,16-01-2025,Pilot,12,3
748,Ishaan,Others,54,4064833,1940,17-01-2025,Writer,147,3
749,Tara,Others,23,1530566,60181,18-01-2025,Nurse,146,2
750,Diya,Others,38,3958441,80143,19-01-2025,Nurse,88,5
751,Zoya,Male,20,4487008,123050,20-01-2025,Engineer,99,3
752,Ananya,Male,64,3431958,80787,21-01-2025,Journalist,12,1
753,Naina,Male,47,2664232,41259,22-01-2025,Architect,17,2
754,Yash,Male,39,3989133,147581,23-01-2025,Musician,58,5
755,Diya,Male,66,2109356,148778,24-01-2025,Entrepreneur,124,3
756,Zoya,Male,66,4009417,130773,25-01-2025,Banker,108,5
757,Meera,Female,59,1261078,9038,26-01-2025,Engineer,32,4
758,Samir,Male,57,3597011,135609,27-01-2025,Doctor,132,5
759,Kabir,Female,24,4041112,128272,28-01-2025,Architect,21,1
760,Naina,Male,50,2356023,125088,29-01-2025,Artist,87,3
761,Samir,Female,69,4828571,84884,30-01-2025,Scientist,92,5
762,Dev,Female,26,4822644,59286,31-01-2025,Nurse,14,3
763,Kabir,Female,61,3367203,40581,01-02-2025,Photographer,49,4
764,Zoya,Female,37,2369409,20617,02-02-2025,Artist,100,1
765,Ayaan,Male,26,2682475,137787,03-02-2025,Lawyer,93,1
766,Ishaan,Female,22,3619543,22958,04-02-2025,Doctor,8,1
767,Ayaan,Male,46,4771968,31537,05-02-2025,Musician,83,4
768,Diya,Female,28,4990166,124667,06-02-2025,Actor,138,1
769,Meera,Others,68,1786544,41493,07-02-2025,Journalist,5,2
770,Ayaan,Female,50,3809011,21407,08-02-2025,Designer,51,3
771,Naina,Male,64,4113893,53821,09-02-2025,Consultant,96,1
772,Samir,Male,46,3643680,136206,10-02-2025,Actor,101,5
773,Kabir,Others,57,1269008,33060,11-02-2025,Entrepreneur,92,5
774,Samir,Others,47,2588653,130594,12-02-2025,Banker,81,1
775,Yash,Male,43,1628713,33991,13-02-2025,Doctor,89,3
776,Ayaan,Female,61,450655,121460,14-02-2025,Entrepreneur,98,1
777,Naina,Female,48,4848002,45508,15-02-2025,Journalist,126,1
778,Zoya,Others,53,1671175,144352,16-02-2025,Scientist,19,1
779,Ayaan,Female,69,3081217,31989,17-02-2025,Actor,24,4
780,Dev,Female,53,4268997,60486,18-02-2025,Artist,136,2
781,Naina,Others,49,2741495,84803,19-02-2025,Architect,76,5
782,Naina,Female,63,610002,141804,20-02-2025,Pharmacist,26,2
783,Dev,Others,64,2259534,12359,21-02-2025,Accountant,27,3
784,Yash,Others,69,3492062,50554,22-02-2025,Writer,21,4
785,Samir,Male,32,428601,124591,23-02-2025,Lawyer,42,5
786,Ayaan,Others,31,743502,96965,24-02-2025,Artist,58,3
787,Shruti,Male,65,1359780,15749,25-02-2025,Pharmacist,109,1
788,Yash,Male,52,4067091,105869,26-02-2025,Architect,57,3
789,Ananya,Male,48,2994601,31671,27-02-2025,Pharmacist,82,2
790,Diya,Male,66,3152736,100925,28-02-2025,Lawyer,40,5
791,Dev,Female,61,2082415,147887,01-03-2025,Nurse,77,1
792,Naina,Female,54,514412,66100,02-03-2025,Nurse,94,3
793,Diya,Male,54,4204810,117706,03-03-2025,Architect,120,3
794,Samir,Female,53,1381853,63822,04-03-2025,Designer,60,5
795,Diya,Male,21,2116742,57967,05-03-2025,Scientist,145,3
796,Meera,Others,56,2222045,89976,06-03-2025,Lawyer,74,2
797,Shruti,Others,46,3324730,13076,07-03-2025,Entrepreneur,84,4
798,Samir,Female,45,2336532,114936,08-03-2025,Designer,140,1
799,Meera,Others,40,3594194,43402,09-03-2025,Scientist,134,2
800,Naina,Female,59,1181804,4126,10-03-2025,Designer,111,2
801,Naina,Male,26,3038520,58828,11-03-2025,Pharmacist,111,3
802,Shruti,Male,51,3330334,144142,12-03-2025,Nurse,144,1
803,Diya,Male,68,654429,86315,13-03-2025,Actor,149,1
804,Ayaan,Male,40,576246,7438,14-03-2025,Banker,60,3
805,Meera,Female,32,3900194,13364,15-03-2025,Photographer,75,2
806,Ayaan,Female,48,2718365,81803,16-03-2025,Doctor,44,3
807,Diya,Others,62,4036258,126698,17-03-2025,Pharmacist,74,3
808,Ananya,Others,51,3608266,110587,18-03-2025,Entrepreneur,25,4
809,Ananya,Male,43,742345,13550,19-03-2025,Consultant,112,3
810,Tara,Female,59,899111,102368,20-03-2025,Teacher,34,2
811,Rishi,Male,25,1797709,122731,21-03-2025,Accountant,12,2
812,Rishi,Female,46,2439324,19359,22-03-2025,Accountant,102,3
813,Meera,Female,31,4599219,76137,23-03-2025,Lawyer,35,5
814,Ananya,Others,49,3138863,145635,24-03-2025,Engineer,55,3
815,Rishi,Male,25,2874730,49912,25-03-2025,Pilot,139,3
816,Shruti,Female,66,2790670,38181,26-03-2025,Chef,34,2
817,Tara,Male,51,3792676,4524,27-03-2025,Engineer,47,5
818,Naina,Male,47,4562134,107677,28-03-2025,Entrepreneur,19,4
819,Yash,Others,20,913938,105688,29-03-2025,Engineer,95,2
820,Ananya,Others,49,1034512,37160,30-03-2025,Writer,54,3
821,Ishaan,Female,67,1679191,83077,31-03-2025,Musician,127,1
822,Ananya,Female,24,2693114,64130,01-04-2025,Artist,91,2
823,Meera,Male,45,735529,32319,02-04-2025,Actor,90,2
824,Ishaan,Female,23,4837076,146330,03-04-2025,Photographer,112,3
825,Rishi,Female,22,2448354,45195,04-04-2025,Accountant,23,5
826,Ayaan,Female,56,3268312,97665,05-04-2025,Actor,5,5
827,Dev,Others,34,845363,47724,06-04-2025,Developer,149,5
828,Dev,Male,60,2795406,58144,07-04-2025,Artist,147,4
829,Diya,Others,25,3030530,82938,08-04-2025,Developer,97,3
830,Ananya,Others,42,1194383,104539,09-04-2025,Pharmacist,83,5
831,Shruti,Female,67,626922,144795,10-04-2025,Accountant,56,5
832,Shruti,Male,33,2239265,89479,11-04-2025,Actor,106,4
833,Varun,Others,39,1750876,89160,12-04-2025,Writer,96,1
834,Yash,Female,62,1696331,142690,13-04-2025,Teacher,94,3
835,Dev,Others,51,3082787,65038,14-04-2025,Actor,75,4
836,Meera,Others,28,3405848,96003,15-04-2025,Scientist,102,3
837,Tara,Female,28,1451115,106779,16-04-2025,Writer,148,4
838,Yash,Male,41,2554684,112058,17-04-2025,Chef,73,5
839,Ayaan,Others,43,4719043,112712,18-04-2025,Scientist,21,4
840,Ananya,Female,20,4519112,21633,19-04-2025,Banker,9,1
841,Meera,Male,57,2660062,49871,20-04-2025,Teacher,60,5
842,Shruti,Others,27,2009517,98572,21-04-2025,Pharmacist,33,1
843,Tara,Female,39,1287204,80089,22-04-2025,Chef,77,3
844,Diya,Male,43,889340,124542,23-04-2025,Actor,92,2
845,Kabir,Female,39,4303895,75575,24-04-2025,Artist,96,1
846,Kabir,Female,51,2414259,21955,25-04-2025,Developer,34,2
847,Dev,Male,69,4714942,2089,26-04-2025,Actor,92,5
848,Naina,Female,47,2153827,104795,27-04-2025,Designer,32,5
849,Kabir,Female,53,3944753,11557,28-04-2025,Nurse,7,4
850,Ananya,Others,55,4807479,28564,29-04-2025,Doctor,77,4
851,Tara,Others,47,2925009,106680,30-04-2025,Nurse,91,1
852,Yash,Female,67,4889980,116223,01-05-2025,Entrepreneur,20,1
853,Shruti,Male,40,4387863,14716,02-05-2025,Actor,109,3
854,Dev,Male,35,2113344,107790,03-05-2025,Doctor,126,3
855,Ananya,Male,67,884395,68906,04-05-2025,Artist,117,3
856,Yash,Female,24,2910336,27189,05-05-2025,Architect,63,4
857,Rishi,Others,59,3630110,58049,06-05-2025,Lawyer,59,5
858,Yash,Female,59,4837445,112771,07-05-2025,Architect,52,5
859,Naina,Others,58,3276076,93134,08-05-2025,Pilot,58,2
860,Diya,Male,44,2412087,107166,09-05-2025,Doctor,107,4
861,Yash,Female,69,3823980,45663,10-05-2025,Pilot,54,2
862,Naina,Male,41,1507142,55633,11-05-2025,Nurse,85,4
863,Ayaan,Female,38,3921378,7350,12-05-2025,Teacher,19,3
864,Samir,Male,28,2710322,4747,13-05-2025,Actor,120,2
865,Tara,Others,21,4628894,141269,14-05-2025,Doctor,43,2
866,Yash,Female,50,2681363,103551,15-05-2025,Pilot,133,3
867,Samir,Others,55,1651189,126655,16-05-2025,Writer,20,2
868,Kabir,Others,53,4451150,90381,17-05-2025,Actor,86,3
869,Rishi,Others,57,2897086,47140,18-05-2025,Designer,35,4
870,Naina,Others,53,965060,81039,19-05-2025,Journalist,124,5
871,Tara,Others,69,4351817,115724,20-05-2025,Journalist,32,5
872,Zoya,Others,29,4040945,123009,21-05-2025,Pilot,61,1
873,Rishi,Others,46,805202,82736,22-05-2025,Entrepreneur,113,1
874,Meera,Female,45,422483,108531,23-05-2025,Lawyer,136,4
875,Shruti,Female,51,2730061,9999,24-05-2025,Pilot,105,1
876,Varun,Others,27,463515,6774,25-05-2025,Journalist,75,1
877,Diya,Female,38,535026,98603,26-05-2025,Architect,49,3
878,Zoya,Others,26,1335930,40750,27-05-2025,Scientist,28,5
879,Ishaan,Male,63,828612,119760,28-05-2025,Scientist,21,4
880,Yash,Male,45,4603520,80322,29-05-2025,Scientist,31,4
881,Shruti,Female,29,4602016,138244,30-05-2025,Architect,115,5
882,Ananya,Female,50,2417983,2292,31-05-2025,Accountant,67,5
883,Naina,Others,27,1889120,12860,01-06-2025,Developer,66,5
884,Dev,Others,56,1383419,41088,02-06-2025,Consultant,82,1
885,Diya,Others,19,4482085,124362,03-06-2025,Pilot,15,1
886,Diya,Others,33,2880974,23885,04-06-2025,Developer,110,4
887,Ananya,Male,46,1676771,19638,05-06-2025,Doctor,119,2
888,Kabir,Others,23,2289198,98950,06-06-2025,Developer,37,1
889,Shruti,Others,40,2635091,66268,07-06-2025,Writer,56,3
890,Zoya,Female,31,4283596,100103,08-06-2025,Actor,54,5
891,Yash,Male,32,612142,52913,09-06-2025,Doctor,88,1
892,Kabir,Male,49,2654254,9716,10-06-2025,Accountant,45,3
893,Ishaan,Female,40,579447,145423,11-06-2025,Doctor,143,2
894,Rishi,Male,29,4215107,90447,12-06-2025,Engineer,53,1
895,Kabir,Male,20,4416808,124572,13-06-2025,Accountant,25,4
896,Ishaan,Male,39,3554713,49890,14-06-2025,Pilot,140,5
897,Rishi,Female,39,4810625,50076,15-06-2025,Pharmacist,48,4
898,Samir,Others,63,4020451,16143,16-06-2025,Scientist,60,2
899,Samir,Male,50,1397483,88411,17-06-2025,Designer,81,1
900,Ayaan,Female,21,2603694,76989,18-06-2025,Entrepreneur,63,5
901,Shruti,Female,25,4365634,118417,19-06-2025,Doctor,22,1
902,Tara,Male,33,4331825,63273,20-06-2025,Teacher,97,4
903,Yash,Male,34,3620415,82054,21-06-2025,Teacher,66,4
904,Zoya,Others,32,3290271,144679,22-06-2025,Teacher,10,1
905,Zoya,Others,43,667948,77137,23-06-2025,Photographer,8,2
906,Ishaan,Female,19,1180523,103100,24-06-2025,Engineer,41,5
907,Ananya,Female,44,477572,15880,25-06-2025,Banker,68,5
908,Yash,Others,47,2561599,98307,26-06-2025,Teacher,24,1
909,Diya,Male,48,1847512,73873,27-06-2025,Musician,64,1
910,Rishi,Male,20,1346685,144510,28-06-2025,Consultant,14,2
911,Tara,Male,47,3462832,18240,29-06-2025,Teacher,105,2
912,Rishi,Female,19,2141812,82261,30-06-2025,Teacher,116,5
913,Yash,Female,47,4448876,31584,01-07-2025,Photographer,93,1
914,Naina,Female,37,2661057,115627,02-07-2025,Banker,35,3
915,Yash,Female,38,2966390,31526,03-07-2025,Artist,64,1
916,Naina,Others,61,3449380,65077,04-07-2025,Teacher,73,1
917,Yash,Others,50,4832929,125708,05-07-2025,Musician,82,5
918,Yash,Male,38,2912894,103975,06-07-2025,Lawyer,113,1
919,Rishi,Female,19,3948347,45670,07-07-2025,Nurse,33,4
920,Samir,Male,46,4173974,22562,08-07-2025,Doctor,70,3
921,Diya,Female,39,1533875,82389,09-07-2025,Entrepreneur,84,5
922,Diya,Female,64,3526765,146567,10-07-2025,Actor,46,1
923,Shruti,Female,57,4369817,117584,11-07-2025,Nurse,79,2
924,Ishaan,Male,68,3850607,28850,12-07-2025,Writer,46,3
925,Samir,Others,44,4077969,31331,13-07-2025,Pharmacist,65,4
926,Ayaan,Female,67,2127572,110813,14-07-2025,Accountant,40,1
927,Rishi,Others,39,2877000,112294,15-07-2025,Writer,6,3
928,Rishi,Male,30,1190474,12945,16-07-2025,Musician,122,2
929,Ayaan,Male,23,3871361,121608,17-07-2025,Engineer,30,5
930,Tara,Male,60,3505866,60491,18-07-2025,Actor,17,1
931,Kabir,Female,57,478731,142502,19-07-2025,Artist,52,2
932,Ananya,Female,53,4900137,14883,20-07-2025,Pharmacist,94,2
933,Meera,Others,68,2249468,7275,21-07-2025,Nurse,72,1
934,Ayaan,Male,29,4368680,88786,22-07-2025,Journalist,35,3
935,Naina,Others,51,4293182,47635,23-07-2025,Pilot,28,3
936,Ishaan,Male,61,1261522,149213,24-07-2025,Banker,77,1
937,Dev,Male,35,2802126,31805,25-07-2025,Designer,115,1
938,Samir,Female,48,3997402,40398,26-07-2025,Lawyer,61,5
939,Diya,Male,64,3320062,127942,27-07-2025,Engineer,78,2
940,Ayaan,Male,49,684894,104702,28-07-2025,Architect,60,1
941,Zoya,Female,46,586751,88965,29-07-2025,Musician,122,3
942,Zoya,Female,23,1986799,41353,30-07-2025,Accountant,148,4
943,Rishi,Others,25,1580157,127656,31-07-2025,Scientist,49,2
944,Dev,Others,34,1009597,145253,01-08-2025,Lawyer,81,5
945,Shruti,Male,24,4075612,109717,02-08-2025,Accountant,45,4
946,Ayaan,Female,38,4486792,43774,03-08-2025,Actor,20,3
947,Tara,Male,52,3705671,148725,04-08-2025,Pharmacist,46,2
948,Dev,Male,68,3547796,40025,05-08-2025,Lawyer,22,5
949,Naina,Female,35,1633164,93505,06-08-2025,Pilot,83,4
950,Meera,Others,61,1963374,12842,07-08-2025,Consultant,19,5
951,Diya,Male,54,441368,19284,08-08-2025,Developer,95,1
952,Zoya,Others,35,884677,119248,09-08-2025,Engineer,52,4
953,Ayaan,Male,48,1358815,44558,10-08-2025,Actor,30,1
954,Varun,Others,68,3262505,80758,11-08-2025,Consultant,91,3
955,Dev,Others,50,3783976,29322,12-08-2025,Lawyer,84,1
956,Yash,Male,59,1754443,124561,13-08-2025,Chef,61,1
957,Dev,Male,29,4016057,116273,14-08-2025,Photographer,144,4
958,Naina,Others,41,1598540,39225,15-08-2025,Scientist,137,2
959,Naina,Male,35,4352615,142441,16-08-2025,Photographer,124,3
960,Zoya,Others,61,1201210,122486,17-08-2025,Pilot,56,1
961,Shruti,Male,59,559215,109882,18-08-2025,Lawyer,76,5
962,Meera,Female,50,2227107,80697,19-08-2025,Photographer,42,5
963,Tara,Female,63,1089363,121374,20-08-2025,Architect,35,2
964,Tara,Others,65,2483262,88749,21-08-2025,Scientist,80,4
965,Ayaan,Male,52,3896670,24721,22-08-2025,Lawyer,31,1
966,Shruti,Others,18,4556098,107086,23-08-2025,Chef,38,5
967,Ananya,Female,34,608161,106985,24-08-2025,Writer,18,3
968,Zoya,Female,19,3841160,144772,25-08-2025,Journalist,108,1
969,Ayaan,Male,34,1465354,132217,26-08-2025,Developer,49,3
970,Yash,Female,68,1912454,66921,27-08-2025,Designer,61,3
971,Naina,Male,44,857700,48442,28-08-2025,Actor,32,1
972,Ayaan,Male,18,4908817,82156,29-08-2025,Actor,22,2
973,Varun,Male,68,938557,100992,30-08-2025,Pharmacist,82,4
974,Samir,Male,20,1465254,13490,31-08-2025,Lawyer,33,1
975,Varun,Others,21,460571,21376,01-09-2025,Developer,139,3
976,Yash,Female,40,626637,101206,02-09-2025,Journalist,82,4
977,Samir,Female,55,4338919,63896,03-09-2025,Pharmacist,45,2
978,Diya,Others,18,3708312,98209,04-09-2025,Doctor,9,4
979,Dev,Others,35,4412826,96824,05-09-2025,Scientist,85,1
980,Rishi,Others,25,4480998,133613,06-09-2025,Pharmacist,9,5
981,Yash,Female,50,3285950,101481,07-09-2025,Nurse,135,5
982,Zoya,Male,25,2593411,142602,08-09-2025,Pilot,82,5
983,Kabir,Male,22,3826304,12744,09-09-2025,Architect,140,4
984,Ananya,Female,40,2845189,130146,10-09-2025,Accountant,113,5
985,Shruti,Male,20,823948,56790,11-09-2025,Musician,86,4
986,Diya,Others,20,883394,48734,12-09-2025,Nurse,74,4
987,Dev,Female,64,803988,65889,13-09-2025,Accountant,137,3
988,Ayaan,Female,48,2499041,59111,14-09-2025,Actor,16,4
989,Varun,Male,63,704153,24679,15-09-2025,Journalist,102,3
990,Ishaan,Male,29,2346764,85384,16-09-2025,Doctor,63,5
991,Shruti,Others,62,1759187,32603,17-09-2025,Developer,143,5
992,Kabir,Female,24,4729328,85415,18-09-2025,Teacher,59,3
993,Tara,Male,40,2870705,56786,19-09-2025,Consultant,86,4
994,Varun,Female,33,1537196,26303,20-09-2025,Artist,117,1
995,Ananya,Male,25,3202852,93203,21-09-2025,Scientist,48,3
996,Meera,Female,22,3962808,11807,22-09-2025,Nurse,73,5
997,Yash,Female,58,523370,99614,23-09-2025,Architect,42,3
998,Rishi,Male,62,2083331,146404,24-09-2025,Architect,96,4
999,Shruti,Others,22,4568195,102435,25-09-2025,Entrepreneur,147,5
1000,Shruti,Female,33,2571412,136002,26-09-2025,Journalist,54,5
